site,experiment,block,trt,plate_num,treatment,algae_spp.,Wi,correction,Wrec,Wf,0.5m_herm,0.5m_teg,0.5m_ab,0.5m_ur,0.5m_pac,0.5m_chi,0.5m_lim,herm_on_plate,teg_on_plate,ab_on_plate,herm_in_cage,teg_in_cage,ab_in_cage,tide_cycles ,start,end,Time
Cosign,1A,1,Ab ,9,AMB,M,39.76,NA,35.73,4.432123894,6,153,20,0,1,1,37,0,1,0,0,0,0,1,1/8/20,1/9/20,1
Cosign,1A,1,Ab ,14,CON,M,39.55,1.01011378,39.95,NA,6,153,20,0,1,1,37,NA,NA,NA,NA,NA,NA,1,1/8/20,1/9/20,1
Cosign,1A,1,Ab ,24,ABX,M,36.35,NA,36.11,0.607635904,6,153,20,0,1,1,37,0,0,0,0,1,0,1,1/8/20,1/9/20,1
Cosign,1A,1,Ab ,46,AMB,S,42.2,NA,35.09,7.407923669,6,153,20,0,1,1,37,3,1,0,0,0,0,1,1/8/20,1/9/20,1
Cosign,1A,1,Ab ,56,CON,S,42.61,1.007059803,,NA,6,153,20,0,1,1,37,NA,NA,NA,NA,NA,NA,1,1/8/20,1/9/20,1
Cosign,1A,1,Ab ,68,ABX,S,32.65,NA,32.25,0.630502554,6,153,20,0,1,1,37,0,0,0,0,3,0,1,1/8/20,1/9/20,1
Cosign,1A,2,Ab ,7,AMB,M,38.26,NA,25.27,10.83463733,3,140,19,1,0,2,53,1,0,0,0,0,0,1,1/8/20,1/9/20,1
Cosign,1A,2,Ab ,12,CON,M,41.36,0.943665377,39.03,NA,3,140,19,1,0,2,53,NA,NA,NA,NA,NA,NA,1,1/8/20,1/9/20,1
Cosign,1A,2,Ab ,21,ABX,M,43.47,NA,37.42,3.601133946,3,140,19,1,0,2,53,4,2,0,4,2,0,1,1/8/20,1/9/20,1
Cosign,1A,2,Ab ,50,AMB,S,37.33,NA,27.95,9.558186158,3,140,19,1,0,2,53,3,2,0,0,0,0,1,1/8/20,1/9/20,1
Cosign,1A,2,Ab ,58,CON,S,46.09,1.00477327,46.31,NA,3,140,19,1,0,2,53,NA,NA,NA,NA,NA,NA,1,1/8/20,1/9/20,1
Cosign,1A,2,Ab ,67,ABX,S,40.64,NA,40.49,0.34398568,3,140,19,1,0,2,53,0,0,0,0,0,0,1,1/8/20,1/9/20,1
Cosign,1A,3,Ab ,8,AMB,M,36.94,NA,28.69,8.114820688,4,85,22,0,0,0,20,0,0,0,0,0,0,2,1/8/20,1/10/20,2
Cosign,1A,3,Ab ,15,CON,M,40.99,0.996340571,40.84,NA,4,85,22,0,0,0,20,NA,NA,NA,NA,NA,NA,2,1/8/20,1/10/20,2
Cosign,1A,3,Ab ,25,ABX,M,36.69,NA,36.06,0.495735545,4,85,22,0,0,0,20,0,0,0,0,0,0,2,1/8/20,1/10/20,2
Cosign,1A,3,Ab ,48,AMB,S,37.24,NA,32.77,4.642318766,4,85,22,0,0,0,20,0,13,0,0,0,0,2,1/8/20,1/10/20,2
Cosign,1A,3,Ab ,59,CON,S,38.9,1.004627249,39.08,NA,4,85,22,0,0,0,20,NA,NA,NA,NA,NA,NA,2,1/8/20,1/10/20,2
Cosign,1A,3,Ab ,EXT3,ABX,S,40.87,NA,41.33,-0.270884319,4,85,22,0,0,0,20,0,0,0,0,0,0,2,1/8/20,1/10/20,2
Cosign,1A,4,Ab ,2,AMB,M,40.55,NA,29.02,11.01756557,0,35,6,0,0,0,18,0,3,0,0,0,0,1,1/8/20,1/9/20,1
Cosign,1A,4,Ab ,18,CON,M,41.94,0.987362899,41.41,NA,0,35,6,0,0,0,18,NA,NA,NA,NA,NA,NA,1,1/8/20,1/9/20,1
Cosign,1A,4,Ab ,28,ABX,M,37.28,NA,36.86,-0.051111111,0,35,6,0,0,0,18,0,0,0,0,0,0,1,1/8/20,1/9/20,1
Cosign,1A,4,Ab ,45,AMB,S,35.7,NA,33.96,0.982632956,0,35,6,0,0,0,18,0,4,0,0,0,0,1,1/8/20,1/9/20,1
Cosign,1A,4,Ab ,55,CON,S,34.41,0.978785237,33.68,NA,0,35,6,0,0,0,18,NA,NA,NA,NA,NA,NA,1,1/8/20,1/9/20,1
Cosign,1A,4,Ab ,63,ABX,S,36.23,NA,36.42,-0.958610869,0,35,6,0,0,0,18,0,0,0,0,0,0,1,1/8/20,1/9/20,1
Cosign,1A,5,Ab ,4,AMB,M,36.94,NA,34.67,2.047347945,0,15,22,0,0,0,50,1,0,0,0,0,0,2,1/8/20,1/10/20,2
Cosign,1A,5,Ab ,17,CON,M,36.5,0.993972603,36.28,NA,0,15,22,0,0,0,50,NA,NA,NA,NA,NA,NA,2,1/8/20,1/10/20,2
Cosign,1A,5,Ab ,26,ABX,M,44.42,NA,44.49,-0.337736986,0,15,22,0,0,0,50,0,0,0,0,0,0,2,1/8/20,1/10/20,2
Cosign,1A,5,Ab ,42,AMB,S,33.26,NA,32.28,1.009269581,0,15,22,0,0,0,50,0,0,0,0,0,0,2,1/8/20,1/10/20,2
Cosign,1A,5,Ab ,52,CON,S,34.09,1.000880023,34.12,NA,0,15,22,0,0,0,50,NA,NA,NA,NA,NA,NA,2,1/8/20,1/10/20,2
Cosign,1A,5,Ab ,64,ABX,S,41.29,NA,41.78,-0.453663831,0,15,22,0,0,0,50,0,0,0,0,0,0,2,1/8/20,1/10/20,2
Cosign,1A,6,Ab ,10,AMB,M,40.49,NA,NA,NA,1,100,40,0,0,0,51,0,0,0,0,0,0,1,1/8/20,1/9/20,1
Cosign,1A,6,Ab ,11,CON,M,35.06,0.992869367,34.81,NA,1,100,40,0,0,0,51,NA,NA,NA,NA,NA,NA,1,1/8/20,1/9/20,1
Cosign,1A,6,Ab ,23,ABX,M,35.39,NA,35.21,-0.072353109,1,100,40,0,0,0,51,0,0,0,0,0,0,1,1/8/20,1/9/20,1
Cosign,1A,6,Ab ,47,AMB,S,34.84,NA,33.29,1.709006085,1,100,40,0,0,0,51,0,0,0,0,0,0,1,1/8/20,1/9/20,1
Cosign,1A,6,Ab ,60,CON,S,39.44,1.004563895,39.62,NA,1,100,40,0,0,0,51,NA,NA,NA,NA,NA,NA,1,1/8/20,1/9/20,1
Cosign,1A,6,Ab ,70,ABX,S,38.03,NA,38.19,0.013564909,1,100,40,0,0,0,51,0,0,0,0,0,0,1,1/8/20,1/9/20,1
Cosign,1A,7,Ab ,6,AMB,M,37.3,NA,36.95,0.729573095,1,4,15,2,0,0,180,0,0,0,0,0,0,1,1/8/20,1/9/20,1
Cosign,1A,7,Ab ,13,CON,M,40.29,1.010176222,40.7,NA,1,4,15,2,0,0,180,NA,NA,NA,NA,NA,NA,1,1/8/20,1/9/20,1
Cosign,1A,7,Ab ,22,ABX,M,33.51,NA,33.52,0.331005212,1,4,15,2,0,0,180,0,0,0,0,0,0,1,1/8/20,1/9/20,1
Cosign,1A,7,Ab ,49,AMB,S,38.82,NA,38.49,0.571367876,1,4,15,2,0,0,180,0,0,0,0,0,0,1,1/8/20,1/9/20,1
Cosign,1A,7,Ab ,57,CON,S,38.6,1.006217617,38.84,NA,1,4,15,2,0,0,180,NA,NA,NA,NA,NA,NA,1,1/8/20,1/9/20,1
Cosign,1A,7,Ab ,69,ABX,S,39.04,NA,38.84,0.442735751,1,4,15,2,0,0,180,0,0,0,0,0,0,1,1/8/20,1/9/20,1
Cosign,1A,8,Ab ,1,AMB,M,35.29,NA,32.79,2.273210925,0,100,8,3,2,1,100,0,0,0,0,0,0,1,1/8/20,1/9/20,1
Cosign,1A,8,Ab ,20,CON,M,43.57,0.99357356,43.29,NA,0,100,8,3,2,1,100,NA,NA,NA,NA,NA,NA,1,1/8/20,1/9/20,1
Cosign,1A,8,Ab ,30,ABX,M,36.9,NA,36.32,0.342864356,0,100,8,3,2,1,100,0,0,0,0,0,0,1,1/8/20,1/9/20,1
Cosign,1A,8,Ab ,43,AMB,S,35.18,NA,30.21,5.677135678,0,100,8,3,2,1,100,0,0,0,0,0,0,1,1/8/20,1/9/20,1
Cosign,1A,8,Ab ,53,CON,S,33.83,1.020100503,34.51,NA,0,100,8,3,2,1,100,NA,NA,NA,NA,NA,NA,1,1/8/20,1/9/20,1
Cosign,1A,8,Ab ,65,ABX,S,32.16,NA,31.64,1.166432161,0,100,8,3,2,1,100,0,0,0,0,10,0,1,1/8/20,1/9/20,1
Cosign,1A,9,Ab ,16,CON,M,34.5,0.997391304,34.41,NA,13,40,0,0,3,0,20,NA,NA,NA,NA,NA,NA,1,1/8/20,1/9/20,1
Cosign,1A,9,Ab ,29,ABX,M,40.07,NA,39.19,0.775469565,13,40,0,0,3,0,20,0,0,0,0,0,0,1,1/8/20,1/9/20,1
Cosign,1A,9,Ab ,44,AMB,S,47.28,NA,45.76,0.199329609,13,40,0,0,3,0,20,3,12,0,0,0,0,1,1/8/20,1/9/20,1
Cosign,1A,9,Ab ,54,CON,S,35.8,0.972067039,34.8,NA,13,40,0,0,3,0,20,NA,NA,NA,NA,NA,NA,1,1/8/20,1/9/20,1
Cosign,1A,9,Ab ,62,ABX,S,38.45,NA,38.55,-1.174022346,13,40,0,0,3,0,20,0,4,0,11,0,0,1,1/8/20,1/9/20,1
Cosign,1A,9,Ab ,EXT1,AMB,M,38.82,NA,37.2,1.518730435,13,40,0,0,3,0,20,4,0,0,0,0,0,1,1/8/20,1/9/20,1
Cosign,1A,10,Ab ,5,AMB,M,38.21,NA,35.82,2.409410719,1,40,30,0,0,0,50,0,0,0,0,0,0,2,1/9/20,1/11/20,2
Cosign,1A,10,Ab ,19,CON,M,39.37,1.000508001,39.39,NA,1,40,30,0,0,0,50,NA,NA,NA,NA,NA,NA,2,1/9/20,1/11/20,2
Cosign,1A,10,Ab ,27,ABX,M,38.16,NA,37.69,0.489385319,1,40,30,0,0,0,50,0,0,0,0,1,0,2,1/9/20,1/11/20,2
Cosign,1A,10,Ab ,41,AMB,S,31.72,NA,30.2,1.91,1,40,30,0,0,0,50,0,0,0,0,0,0,2,1/9/20,1/11/20,2
Cosign,1A,10,Ab ,51,CON,S,34.16,1.012295082,34.58,NA,1,40,30,0,0,0,50,NA,NA,NA,NA,NA,NA,2,1/9/20,1/11/20,2
Cosign,1A,10,Ab ,61,ABX,S,40.04,NA,39.91,0.622295082,1,40,30,0,0,0,50,0,0,0,0,0,0,2,1/9/20,1/11/20,2
Cosign,1B,11,Ab ,79,CON,S,38.54,1.01920083,39.28,NA,0,235,31,0,1,0,20,NA,NA,NA,NA,NA,NA,1,1/9/20,1/10/20,1
Cosign,1B,11,Ab ,76,AMB,S,37.42,NA,34.59,3.54849507,0,235,31,0,1,0,20,0,0,0,0,0,0,1,1/9/20,1/10/20,1
Cosign,1B,11,Ab ,73,ABX,S,38.49,NA,35.98,3.249039958,0,235,31,0,1,0,20,0,0,0,0,0,0,1,1/9/20,1/10/20,1
Cosign,1B,11,Ab ,32,CON,M,38.59,1.006478362,38.84,NA,0,235,31,0,1,0,20,NA,NA,NA,NA,NA,NA,1,1/9/20,1/10/20,1
Cosign,1B,11,Ab ,33,AMB,M,45.31,NA,43.83,1.773534594,0,235,31,0,1,0,20,0,0,0,0,0,0,1,1/9/20,1/10/20,1
Cosign,1B,11,Ab ,37,ABX,M,40.63,NA,36.9,3.993215859,0,235,31,0,1,0,20,0,0,0,0,7,0,1,1/9/20,1/10/20,1
Cosign,1B,12,Ab ,80,CON,S,33.66,1.023172906,34.44,NA,0,205,9,0,0,0,25,NA,NA,NA,NA,NA,NA,1,1/9/20,1/10/20,1
Cosign,1B,12,Ab ,72,AMB,S,39.16,NA,39.44,0.62745098,0,205,9,0,0,0,25,0,0,0,0,0,0,1,1/9/20,1/10/20,1
Cosign,1B,12,Ab ,71,ABX,S,35.99,NA,35.51,1.31399287,0,205,9,0,0,0,25,0,0,0,0,0,0,1,1/9/20,1/10/20,1
Cosign,1B,12,Ab ,34,CON,M,35.66,1.003925967,35.8,NA,0,205,9,0,0,0,25,NA,NA,NA,NA,NA,NA,1,1/9/20,1/10/20,1
Cosign,1B,12,Ab ,35,AMB,M,35.09,NA,31.54,3.687762199,0,205,9,0,0,0,25,0,0,0,0,0,0,1,1/9/20,1/10/20,1
Cosign,1B,12,Ab ,40,ABX,M,35.47,NA,35.77,-0.160745934,0,205,9,0,0,0,25,0,0,0,1,1,0,1,1/9/20,1/10/20,1
Cosign,1B,13,Ab ,78,CON,S,40.01,1.026493377,41.07,NA,4,130,19,0,1,0,50,NA,NA,NA,NA,NA,NA,1,1/9/20,1/10/20,1
Cosign,1B,13,Ab ,EXT4S,AMB,S,43.89,NA,38.8,6.252794301,4,130,19,0,1,0,50,0,0,0,0,0,0,1,1/9/20,1/10/20,1
Cosign,1B,13,Ab ,77,ABX,S,35.13,NA,35.79,0.270712322,4,130,19,0,1,0,50,0,0,0,1,1,0,1,1/9/20,1/10/20,1
Cosign,1B,13,Ab ,38,CON,M,45.95,1.008269859,46.33,NA,4,130,19,0,1,0,50,NA,NA,NA,NA,NA,NA,1,1/9/20,1/10/20,1
Cosign,1B,13,Ab ,EXT2M,AMB,M,34.41,NA,18.03,16.66456583,4,130,19,0,1,0,50,3,7,0,0,0,0,1,1/9/20,1/10/20,1
Cosign,1B,13,Ab ,31,ABX,M,39.03,NA,35.64,3.712772579,4,130,19,0,1,0,50,0,0,0,0,1,0,1,1/9/20,1/10/20,1
Cosign,1B,14,Ab ,74,CON,S,35.01,1.00428449,35.16,NA,27,140,9,0,0,0,90,NA,NA,NA,NA,NA,NA,1,1/9/20,1/10/20,1
Cosign,1B,14,Ab ,81,AMB,S,40.66,NA,36.24,4.594207369,27,140,9,0,0,0,90,0,0,0,0,0,0,1,1/9/20,1/10/20,1
Cosign,1B,14,Ab ,82,ABX,S,36.17,NA,34.73,1.594970009,27,140,9,0,0,0,90,0,0,0,0,0,0,1,1/9/20,1/10/20,1
Cosign,1B,14,Ab ,36,CON,M,35.28,0.986394558,34.8,NA,27,140,9,0,0,0,90,NA,NA,NA,NA,NA,NA,1,1/9/20,1/10/20,1
Cosign,1B,14,Ab ,83,AMB,M,41.18,NA,34.2,6.419727891,27,140,9,0,0,0,90,0,0,0,0,0,0,1,1/9/20,1/10/20,1
Cosign,1B,14,Ab ,84,ABX,M,35.8,NA,35.8,-0.48707483,27,140,9,0,0,0,90,0,0,0,0,0,0,1,1/9/20,1/10/20,1
Cosign,1B,15,Ab ,75,CON,S,36.49,1.021375719,37.27,NA,10,225,35,0,0,4,50,NA,NA,NA,NA,NA,NA,1,1/9/20,1/10/20,1
Cosign,1B,15,Ab ,85,AMB,S,40.19,NA,30.05,10.99909016,10,225,35,0,0,4,50,0,0,0,0,0,0,1,1/9/20,1/10/20,1
Cosign,1B,15,Ab ,86,ABX,S,37.51,NA,33.35,4.961803234,10,225,35,0,0,4,50,0,0,0,0,0,0,1,1/9/20,1/10/20,1
Cosign,1B,15,Ab ,39,CON,M,39.36,1.000254065,39.37,NA,10,225,35,0,0,4,50,NA,NA,NA,NA,NA,NA,1,1/9/20,1/10/20,1
Cosign,1B,15,Ab ,87,AMB,M,33.11,NA,12.37,20.74841209,10,225,35,0,0,4,50,0,0,0,0,0,0,1,1/9/20,1/10/20,1
Cosign,1B,15,Ab ,88,ABX,M,33.92,NA,20.45,13.47861789,10,225,35,0,0,4,50,0,0,0,0,0,0,1,1/9/20,1/10/20,1
Cosign,2A,O,AbUr,57,AMB,S,32.06,NA,24.21,8.095468964,0,0,9,25,0,0,0,0,0,0,NA,NA,NA,2,1/9/20,1/11/20,2
Cosign,2A,O,AbUr,58,CON,S,36.57,1.007656549,36.85,NA,0,0,9,25,0,0,0,NA,NA,0,NA,NA,NA,2,1/9/20,1/11/20,2
Cosign,2A,O,AbUr,59,AMB,M,38.15,NA,37.37,0.717634283,0,0,9,25,0,0,0,0,0,0,NA,NA,NA,2,1/9/20,1/11/20,2
Cosign,2A,O,AbUr,60,CON,M,42.82,0.99836525,42.75,NA,0,0,9,25,0,0,0,NA,NA,0,NA,NA,NA,2,1/9/20,1/11/20,2
Cosign,2A,G,AbUr,25,AMB,S,27.18,NA,27.77,-0.024056247,0,0,9,69,2,0,0,0,0,0,NA,NA,NA,2,1/9/20,1/11/20,2
Cosign,2A,G,AbUr,26,CON,S,36.98,1.020822066,37.75,NA,0,0,9,69,2,0,0,NA,NA,0,NA,NA,NA,2,1/9/20,1/11/20,2
Cosign,2A,G,AbUr,27,AMB,M,34.91,NA,NA,NA,0,0,9,69,2,0,0,0,0,0,NA,NA,NA,2,1/9/20,1/11/20,2
Cosign,2A,G,AbUr,28,CON,M,37.08,0.978964401,36.3,NA,0,0,9,69,2,0,0,NA,NA,0,NA,NA,NA,2,1/9/20,1/11/20,2
Cosign,2A,I,AbUr,33,AMB,S,35.43,NA,29.56,6.394320908,0,0,3,100,0,0,0,0,0,0,NA,NA,NA,2,1/9/20,1/11/20,2
Cosign,2A,I,AbUr,34,CON,S,35.19,1.014798784,NA,NA,0,0,3,100,0,0,0,NA,NA,0,NA,NA,NA,2,1/9/20,1/11/20,2
Cosign,2A,I,AbUr,35,AMB,M,37.81,NA,23.61,13.09904326,0,0,3,100,0,0,0,0,0,0,NA,NA,NA,2,1/9/20,1/11/20,2
Cosign,2A,I,AbUr,36,CON,M,36.06,0.970881864,35.01,NA,0,0,3,100,0,0,0,NA,NA,0,NA,NA,NA,2,1/9/20,1/11/20,2
Cosign,2A,D,AbUr,13,AMB,S,35.94,NA,36.13,0.381348212,0,0,3,100,0,0,0,0,0,0,NA,NA,NA,2,1/9/20,1/11/20,2
Cosign,2A,D,AbUr,14,CON,S,32.71,1.015897279,33.23,NA,0,0,3,100,0,0,0,NA,NA,0,NA,NA,NA,2,1/9/20,1/11/20,2
Cosign,2A,D,AbUr,15,AMB,M,38.06,NA,28.56,9.416236589,0,0,3,100,0,0,0,0,0,0,NA,NA,NA,2,1/9/20,1/11/20,2
Cosign,2A,D,AbUr,16,CON,M,36.35,0.997799175,36.27,NA,0,0,3,100,0,0,0,NA,NA,0,NA,NA,NA,2,1/9/20,1/11/20,2
Cosign,2A,E,AbUr,17,AMB,S,35.54,NA,35.72,-0.242117353,0,0,26,49,1,0,0,0,0,0,NA,NA,NA,2,1/9/20,1/11/20,2
Cosign,2A,E,AbUr,18,CON,S,40.05,0.998252185,39.98,NA,0,0,26,49,1,0,0,NA,NA,0,NA,NA,NA,2,1/9/20,1/11/20,2
Cosign,2A,E,AbUr,19,AMB,M,36.21,NA,20.64,15.51777404,0,0,26,49,1,0,0,0,0,0,NA,NA,NA,2,1/9/20,1/11/20,2
Cosign,2A,E,AbUr,20,CON,M,41.6,0.998557692,41.54,NA,0,0,26,49,1,0,0,NA,NA,0,NA,NA,NA,2,1/9/20,1/11/20,2
Cosign,2A,F,Ab,21,AMB,S,35.92,NA,36.04,0.297404777,0,0,18,0,0,0,250,0,0,0,NA,NA,NA,2,1/9/20,1/11/20,2
Cosign,2A,F,Ab,22,CON,S,30.98,1.0116204,31.34,NA,0,0,18,0,0,0,250,NA,NA,0,NA,NA,NA,2,1/9/20,1/11/20,2
Cosign,2A,F,Ab,23,AMB,M,38.31,NA,36.33,0.93666383,0,0,18,0,0,0,250,0,0,0,NA,NA,NA,2,1/9/20,1/11/20,2
Cosign,2A,F,Ab,24,CON,M,35.25,0.972765957,34.29,NA,0,0,18,0,0,0,250,NA,NA,0,NA,NA,NA,2,1/9/20,1/11/20,2
Cosign,2A,Q,Ab,65,AMB,S,33.87,NA,34.38,-0.907785735,0,0,47,0,0,0,0,0,0,0,NA,NA,NA,2,1/9/20,1/11/20,2
Cosign,2A,Q,Ab,66,CON,S,34.91,0.988255514,34.5,NA,0,0,47,0,0,0,0,NA,NA,0,NA,NA,NA,2,1/9/20,1/11/20,2
Cosign,2A,Q,Ab,67,AMB,M,37.47,NA,15.39,21.32656754,0,0,47,0,0,0,0,0,0,0,NA,NA,NA,2,1/9/20,1/11/20,2
Cosign,2A,Q,Ab,68,CON,M,35.31,0.979892382,34.6,NA,0,0,47,0,0,0,0,NA,NA,0,NA,NA,NA,2,1/9/20,1/11/20,2
Cosign,2A,A,Ab,1,AMB,S,34.34,NA,32.77,1.740157944,0,0,9,0,2,1,25,0,0,0,NA,NA,NA,2,1/9/20,1/11/20,2
Cosign,2A,A,Ab,2,CON,S,32.29,1.004955094,32.45,NA,0,0,9,0,2,1,25,NA,NA,0,NA,NA,NA,2,1/9/20,1/11/20,2
Cosign,2A,A,Ab,3,CON,M,38.1,0.977427822,37.24,NA,0,0,9,0,2,1,25,NA,NA,0,NA,NA,NA,2,1/9/20,1/11/20,2
Cosign,2A,A,Ab,4,AMB,M,34.17,NA,32.65,0.748708661,0,0,9,0,2,1,25,0,0,0,NA,NA,NA,2,1/9/20,1/11/20,2
Cosign,2A,C,AbUr,9,AMB,S,35.2,NA,24.94,11.36407756,0,0,6,90,1,0,0,0,0,0,NA,NA,NA,2,1/9/20,1/11/20,2
Cosign,2A,C,AbUr,10,CON,S,35.07,1.03136584,36.17,NA,0,0,6,90,1,0,0,NA,NA,0,NA,NA,NA,2,1/9/20,1/11/20,2
Cosign,2A,C,AbUr,11,AMB,M,39.17,NA,38.17,1.790204539,0,0,6,90,1,0,0,0,0,0,NA,NA,NA,2,1/9/20,1/11/20,2
Cosign,2A,C,AbUr,12,CON,M,35.69,1.020173718,36.41,NA,0,0,6,90,1,0,0,NA,NA,0,NA,NA,NA,2,1/9/20,1/11/20,2
Cosign,2A,H,Ab,29,AMB,S,38.98,NA,38.92,0.166357435,0,0,13,0,2,1,400,0,0,0,NA,NA,NA,2,1/9/20,1/11/20,2
Cosign,2A,H,Ab,30,CON,S,36.65,1.002728513,36.75,NA,0,0,13,0,2,1,400,NA,NA,0,NA,NA,NA,2,1/9/20,1/11/20,2
Cosign,2A,H,Ab,31,AMB,M,36.19,NA,35.09,0.44282976,0,0,13,0,2,1,400,0,0,0,NA,NA,NA,2,1/9/20,1/11/20,2
Cosign,2A,H,Ab,32,CON,M,39.65,0.98184111,38.93,NA,0,0,13,0,2,1,400,NA,NA,0,NA,NA,NA,2,1/9/20,1/11/20,2
Cosign,2A,M,Ab,49,AMB,S,34.69,NA,NA,NA,0,0,22,0,0,1,15,0,0,0,NA,NA,NA,2,1/9/20,1/11/20,2
Cosign,2A,M,Ab,50,CON,S,31.55,1.003803487,31.67,NA,0,0,22,0,0,1,15,NA,NA,0,NA,NA,NA,2,1/9/20,1/11/20,2
Cosign,2A,M,Ab,51,AMB,M,37.11,NA,36.33,0.227950413,0,0,22,0,0,1,15,0,0,0,NA,NA,NA,2,1/9/20,1/11/20,2
Cosign,2A,M,Ab,52,CON,M,36.3,0.985123967,35.76,NA,0,0,22,0,0,1,15,NA,NA,0,NA,NA,NA,2,1/9/20,1/11/20,2
Cosign,2A,B,Ab,5,AMB,S,39.42,NA,38.66,0.649486964,0,3,23,1,0,0,20,0,0,0,NA,NA,NA,2,1/9/20,1/11/20,2
Cosign,2A,B,Ab,6,CON,S,35.67,0.997196524,35.57,NA,0,3,23,1,0,0,20,NA,NA,0,NA,NA,NA,2,1/9/20,1/11/20,2
Cosign,2A,B,Ab,7,AMB,M,35.93,NA,35.24,0.343089655,0,3,23,1,0,0,20,0,0,0,NA,NA,NA,2,1/9/20,1/11/20,2
Cosign,2A,B,Ab,8,CON,M,36.25,0.990344828,35.9,NA,0,3,23,1,0,0,20,NA,NA,0,NA,NA,NA,2,1/9/20,1/11/20,2
Cosign,2A,R,TegHerm,69,AMB,S,35.35,NA,35.6,0.001228901,200,200,0,0,0,0,0,0,,0,NA,NA,NA,1,1/9/20,1/10/20,1
Cosign,2A,R,TegHerm,70,CON,S,33.77,1.0071069,34.01,NA,200,200,0,0,0,0,0,NA,NA,0,NA,NA,NA,1,1/9/20,1/10/20,1
Cosign,2A,R,TegHerm,71,AMB,M,35.27,NA,35.44,-0.51215784,200,200,0,0,0,0,0,0,0,0,NA,NA,NA,1,1/9/20,1/10/20,1
Cosign,2A,R,TegHerm,72,CON,M,38.14,0.990298899,37.77,NA,200,200,0,0,0,0,0,NA,NA,0,NA,NA,NA,1,1/9/20,1/10/20,1
Cosign,2A,N,TegHerm,53,AMB,S,40.19,NA,38.12,1.950600119,80,80,0,0,0,0,0,2,1,0,NA,NA,NA,1,1/9/20,1/10/20,1
Cosign,2A,N,TegHerm,54,CON,S,33.66,0.997029115,33.56,NA,80,80,0,0,0,0,0,NA,NA,0,NA,NA,NA,1,1/9/20,1/10/20,1
Cosign,2A,N,TegHerm,55,AMB,M,38.02,NA,31.06,6.41070255,80,80,0,0,0,0,0,0,2,0,NA,NA,NA,1,1/9/20,1/10/20,1
Cosign,2A,N,TegHerm,56,CON,M,35.3,0.985552408,34.79,NA,80,80,0,0,0,0,0,NA,NA,0,NA,NA,NA,1,1/9/20,1/10/20,1
Cosign,2A,J,TegHerm,37,AMB,S,37.7,NA,37.8,-0.266961913,150,150,0,0,0,0,0,0,0,0,NA,NA,NA,1,1/9/20,1/10/20,1
Cosign,2A,J,TegHerm,38,CON,S,33.87,0.995571302,33.72,NA,150,150,0,0,0,0,0,NA,NA,0,NA,NA,NA,1,1/9/20,1/10/20,1
Cosign,2A,J,TegHerm,39,AMB,M,37.72,NA,37.02,0.945211984,150,150,0,0,0,0,0,0,0,0,NA,NA,NA,1,1/9/20,1/10/20,1
Cosign,2A,J,TegHerm,40,CON,M,35.38,1.006500848,35.61,NA,150,150,0,0,0,0,0,NA,NA,0,NA,NA,NA,1,1/9/20,1/10/20,1
Cosign,2A,K,TegHerm,41,AMB,S,36.76,NA,35.02,1.987195293,120,120,0,0,0,0,0,3,2,0,NA,NA,NA,1,1/9/20,1/10/20,1
Cosign,2A,K,TegHerm,42,CON,S,35.69,1.006724573,35.93,NA,120,120,0,0,0,0,0,NA,NA,0,NA,NA,NA,1,1/9/20,1/10/20,1
Cosign,2A,K,TegHerm,43,AMB,M,32.59,NA,30.1,2.586467686,120,120,0,0,0,0,0,3,1,0,NA,NA,NA,1,1/9/20,1/10/20,1
Cosign,2A,K,TegHerm,44,CON,M,40.54,1.002960039,40.66,NA,120,120,0,0,0,0,0,NA,NA,0,NA,NA,NA,1,1/9/20,1/10/20,1
Cosign,2A,L,TegHerm,45,AMB,S,31.94,NA,29.94,2.010256904,85,85,0,0,0,0,0,0,0,0,NA,NA,NA,1,1/9/20,1/10/20,1
Cosign,2A,L,TegHerm,46,CON,S,31.14,1.00032113,31.15,NA,85,85,0,0,0,0,0,NA,NA,0,NA,NA,NA,1,1/9/20,1/10/20,1
Cosign,2A,L,TegHerm,47,AMB,M,38.02,NA,37.35,-0.172010221,85,85,0,0,0,0,0,0,1,0,NA,NA,NA,1,1/9/20,1/10/20,1
Cosign,2A,L,TegHerm,48,CON,M,35.22,0.977853492,34.44,NA,85,85,0,0,0,0,0,NA,NA,0,NA,NA,NA,1,1/9/20,1/10/20,1
Cosign,2A,P,TegHerm,61,AMB,S,34.21,NA,31.71,2.799759036,90,90,0,0,0,0,0,0,0,0,NA,NA,NA,1,1/9/20,1/10/20,1
Cosign,2A,P,TegHerm,62,CON,S,36.52,1.008762322,36.84,NA,90,90,0,0,0,0,0,NA,NA,0,NA,NA,NA,1,1/9/20,1/10/20,1
Cosign,2A,P,TegHerm,63,AMB,M,38.34,NA,34.58,2.986570605,90,90,0,0,0,0,0,0,0,0,NA,NA,NA,1,1/9/20,1/10/20,1
Cosign,2A,P,TegHerm,64,CON,M,41.64,0.979827089,40.8,NA,90,90,0,0,0,0,0,NA,NA,0,NA,NA,NA,1,1/9/20,1/10/20,1
Cosign,2B,W,TegHerm,89,AMB,S,37.95,NA,34.6,3.488066942,115,37,0,0,0,0,0,0,1,0,NA,NA,NA,1,1/10/20,1/11/20,1
Cosign,2B,W,TegHerm,90,CON,S,41.23,1.003638128,41.38,NA,115,37,0,0,0,0,0,NA,NA,0,NA,NA,NA,1,1/10/20,1/11/20,1
Cosign,2B,W,TegHerm,91,AMB,M,32.64,NA,22.67,9.628066447,115,37,0,0,0,0,0,0,2,0,NA,NA,NA,1,1/10/20,1/11/20,1
Cosign,2B,W,TegHerm,92,CON,M,33.41,0.989524095,33.06,NA,115,37,0,0,0,0,0,NA,NA,0,NA,NA,NA,1,1/10/20,1/11/20,1
Cosign,2B,CC,TegHerm,113,AMB,M,37.03,NA,26.05,10.55669005,130,22,0,0,0,0,0,2,1,0,NA,NA,NA,1,1/10/20,1/11/20,1
Cosign,2B,CC,TegHerm,114,CON,M,38.49,0.988568459,38.05,NA,130,22,0,0,0,0,0,NA,NA,0,NA,NA,NA,1,1/10/20,1/11/20,1
Cosign,2B,CC,TegHerm,115,CON,S,37.53,1.00452971,37.7,NA,130,22,0,0,0,0,0,NA,NA,0,NA,NA,NA,1,1/10/20,1/11/20,1
Cosign,2B,CC,TegHerm,116,AMB,S,36.44,NA,31.82,4.785062617,130,22,0,0,0,0,0,1,3,0,NA,NA,NA,1,1/10/20,1/11/20,1
Cosign,2B,DD,TegHerm,117,AMB,S,40.48,NA,35.29,5.200757374,125,37,0,0,0,0,16,0,2,0,NA,NA,NA,1,1/10/20,1/11/20,1
Cosign,2B,DD,TegHerm,118,CON,S,37.63,1.000265745,37.64,NA,125,37,0,0,0,0,16,NA,NA,0,NA,NA,NA,1,1/10/20,1/11/20,1
Cosign,2B,DD,TegHerm,119,AMB,M,36.41,NA,21.92,14.14904879,125,37,0,0,0,0,16,5,2,0,NA,NA,NA,1,1/10/20,1/11/20,1
Cosign,2B,DD,TegHerm,120,CON,M,40.58,0.990635781,40.2,NA,125,37,0,0,0,0,16,NA,NA,0,NA,NA,NA,1,1/10/20,1/11/20,1
Cosign,2B,HH,Ab,133,AMB,S,32.26,NA,19.36,12.9,0,0,15,0,1,10,35,0,0,0,NA,NA,NA,1,1/10/20,1/11/20,1
Cosign,2B,HH,Ab,134,CON,S,39.63,1,39.63,NA,0,0,15,0,1,10,35,NA,NA,0,NA,NA,NA,1,1/10/20,1/11/20,1
Cosign,2B,HH,Ab,135,AMB,M,37.16,NA,15.06,21.62776052,0,0,15,0,1,10,35,0,0,0,NA,NA,NA,1,1/10/20,1/11/20,1
Cosign,2B,HH,Ab,136,CON,M,35.41,0.987291726,34.96,NA,0,0,15,0,1,10,35,NA,NA,0,NA,NA,NA,1,1/10/20,1/11/20,1
Cosign,2B,II,Ab,137,AMB,S,40.72,NA,35.45,5.192035011,0,0,29,2,1,0,25,0,0,0,NA,NA,NA,1,1/10/20,1/11/20,1
Cosign,2B,II,Ab,138,CON,S,36.56,0.998085339,36.49,NA,0,0,29,2,1,0,25,NA,NA,0,NA,NA,NA,1,1/10/20,1/11/20,1
Cosign,2B,II,Ab,139,AMB,M,35.43,NA,35.53,-0.408271827,0,0,29,2,1,0,25,0,0,0,NA,NA,NA,1,1/10/20,1/11/20,1
Cosign,2B,II,Ab,140,CON,M,33.33,0.99129913,33.04,NA,0,0,29,2,1,0,25,NA,NA,0,NA,NA,NA,1,1/10/20,1/11/20,1
Cosign,2B,LL,Ab,149,AMB,M,33.92,NA,16.87,16.89957871,0,0,25,6,0,0,25,0,0,0,NA,NA,NA,1,1/10/20,1/11/20,1
Cosign,2B,LL,Ab,150,CON,M,36.08,0.99556541,35.92,NA,0,0,25,6,0,0,25,NA,NA,0,NA,NA,NA,1,1/10/20,1/11/20,1
Cosign,2B,LL,Ab,151,AMB,S,36.47,NA,36.55,0.008806818,0,0,25,6,0,0,25,0,0,0,NA,NA,NA,1,1/10/20,1/11/20,1
Cosign,2B,LL,Ab,152,CON,S,36.96,1.002435065,37.05,NA,0,0,25,6,0,0,25,NA,NA,0,NA,NA,NA,1,1/10/20,1/11/20,1
Cosign,2B,JJ,Herm,141,AMB,S,35.52,NA,35.36,0.252717306,40,0,0,0,0,0,25,0,0,0,NA,NA,NA,2,1/10/20,1/12/20,2
Cosign,2B,JJ,Herm,142,CON,S,38.31,1.002610285,38.41,NA,40,0,0,0,0,0,25,NA,NA,0,NA,NA,NA,2,1/10/20,1/12/20,2
Cosign,2B,JJ,Herm,143,CON,M,32.13,0.991285403,31.85,NA,40,0,0,0,0,0,25,NA,NA,0,NA,NA,NA,2,1/10/20,1/12/20,2
Cosign,2B,JJ,Herm,144,AMB,M,34.15,NA,12.23,21.62239651,40,0,0,0,0,0,25,0,0,0,NA,NA,NA,2,1/10/20,1/12/20,2
Cosign,2B,KK,Herm,145,AMB,M,36.59,NA,33.74,3.272517321,217,0,0,0,0,0,3,11,0,0,NA,NA,NA,2,1/10/20,1/12/20,2
Cosign,2B,KK,Herm,146,CON,M,34.64,1.011547344,35.04,NA,217,0,0,0,0,0,3,NA,NA,0,NA,NA,NA,2,1/10/20,1/12/20,2
Cosign,2B,KK,Herm,147,AMB,S,39.04,NA,22.32,16.90034525,217,0,0,0,0,0,3,11,0,0,NA,NA,NA,2,1/10/20,1/12/20,2
Cosign,2B,KK,Herm,148,CON,S,41.13,1.004619499,41.32,NA,217,0,0,0,0,0,3,NA,NA,0,NA,NA,NA,2,1/10/20,1/12/20,2
Cosign,2B,MM,Herm,153,AMB,M,34.37,NA,30.55,3.132805133,55,11,0,0,0,2,25,0,0,0,NA,NA,NA,2,1/10/20,1/12/20,2
Cosign,2B,MM,Herm,154,CON,M,33.51,0.980005968,32.84,NA,55,11,0,0,0,2,25,NA,NA,0,NA,NA,NA,2,1/10/20,1/12/20,2
Cosign,2B,MM,Herm,155,AMB,S,39.35,NA,38.89,0.318296399,55,11,0,0,0,2,25,0,0,0,NA,NA,NA,2,1/10/20,1/12/20,2
Cosign,2B,MM,Herm,156,CON,S,36.1,0.996398892,35.97,NA,55,11,0,0,0,2,25,NA,NA,0,NA,NA,NA,2,1/10/20,1/12/20,2
Cosign,2B,T,Herm,77,AMB,M,34.25,NA,34.67,-4.995792178,230,0,0,0,0,0,0,0,0,0,NA,NA,NA,2,1/10/20,1/12/20,2
Cosign,2B,T,Herm,78,CON,M,35.03,0.866400228,30.35,NA,230,0,0,0,0,0,0,NA,NA,0,NA,NA,NA,2,1/10/20,1/12/20,2
Cosign,2B,T,Herm,79,AMB,S,40.19,NA,38.1,2.40821061,230,0,0,0,0,0,0,0,0,0,NA,NA,NA,2,1/10/20,1/12/20,2
Cosign,2B,T,Herm,80,CON,S,37.89,1.007917656,38.19,NA,230,0,0,0,0,0,0,NA,NA,0,NA,NA,NA,2,1/10/20,1/12/20,2
Cosign,2B,FF,Herm,125,AMB,S,36.3,NA,36.02,0.595249042,118,4,0,0,0,0,4,0,0,0,NA,NA,NA,2,1/10/20,1/12/20,2
Cosign,2B,FF,Herm,126,CON,S,39.15,1.008684547,39.49,NA,118,4,0,0,0,0,4,NA,NA,0,NA,NA,NA,2,1/10/20,1/12/20,2
Cosign,2B,FF,Herm,127,AMB,M,35.59,NA,34.4,1.363845319,118,4,0,0,0,0,4,0,0,0,NA,NA,NA,2,1/10/20,1/12/20,2
Cosign,2B,FF,Herm,128,CON,M,36.85,1.004884668,37.03,NA,118,4,0,0,0,0,4,NA,NA,0,NA,NA,NA,2,1/10/20,1/12/20,2
Cosign,2B,GG,Herm,129,AMB,S,39.6,NA,38.31,1.426740331,45,40,0,0,0,0,9,0,0,0,NA,NA,NA,2,1/10/20,1/12/20,2
Cosign,2B,GG,Herm,130,CON,S,43.44,1.003453039,43.59,NA,45,40,0,0,0,0,9,NA,NA,0,NA,NA,NA,2,1/10/20,1/12/20,2
Cosign,2B,GG,Herm,131,AMB,M,44.87,NA,42.45,1.771627838,45,40,0,0,0,0,9,0,0,0,NA,NA,NA,2,1/10/20,1/12/20,2
Cosign,2B,GG,Herm,132,CON,M,33.91,0.985549985,33.42,NA,45,40,0,0,0,0,9,NA,NA,0,NA,NA,NA,2,1/10/20,1/12/20,2
Cosign,2B,BB,Herm,109,AMB,S,36.92,NA,36.95,0.341842036,34,42,0,0,0,0,10,0,0,0,NA,NA,NA,2,1/10/20,1/12/20,2
Cosign,2B,BB,Herm,110,CON,S,37.73,1.010071561,38.11,NA,34,42,0,0,0,0,10,NA,NA,0,NA,NA,NA,2,1/10/20,1/12/20,2
Cosign,2B,BB,Herm,111,AMB,M,35.71,NA,33.03,2.97546077,34,42,0,0,0,0,10,0,0,0,NA,NA,NA,2,1/10/20,1/12/20,2
Cosign,2B,BB,Herm,112,CON,M,35.05,1.008273894,35.34,NA,34,42,0,0,0,0,10,NA,NA,0,NA,NA,NA,2,1/10/20,1/12/20,2
Cosign,2B,AA,Herm,97,AMB,S,36,NA,33.99,1.998288874,49,7,0,0,0,1,15,0,0,0,NA,NA,NA,2,1/10/20,1/12/20,2
Cosign,2B,AA,Herm,98,CON,S,30.74,0.999674691,30.73,NA,49,7,0,0,0,1,15,NA,NA,0,NA,NA,NA,2,1/10/20,1/12/20,2
Cosign,2B,AA,Herm,99,AMB,M,41.56,NA,40.79,0.509474627,49,7,0,0,0,1,15,1,0,0,NA,NA,NA,2,1/10/20,1/12/20,2
Cosign,2B,AA,Herm,100,CON,M,33.5,0.993731343,33.29,NA,49,7,0,0,0,1,15,NA,NA,0,NA,NA,NA,2,1/10/20,1/12/20,2
Cosign,2B,Y,Herm,101,AMB,S,40.48,NA,40,0.695701599,114,1,0,0,0,0,0,0,0,0,NA,NA,NA,2,1/10/20,1/12/20,2
Cosign,2B,Y,Herm,102,CON,S,39.41,1.005328597,39.62,NA,114,1,0,0,0,0,0,NA,NA,0,NA,NA,NA,2,1/10/20,1/12/20,2
Cosign,2B,Y,Herm,103,AMB,M,32.51,NA,30.85,1.315978836,114,1,0,0,0,0,0,4,0,0,NA,NA,NA,2,1/10/20,1/12/20,2
Cosign,2B,Y,Herm,104,CON,M,34.02,0.989417989,33.66,NA,114,1,0,0,0,0,0,NA,NA,0,NA,NA,NA,2,1/10/20,1/12/20,2